Opportunity_ID,target
10757,0.4935871060961453
10758,0.03712149689274427
10772,0.17707207840052355
10777,0.4627621754431721
10778,0.39520157454858584
10779,0.5823135613740986
10793,0.14618486918912066
10794,0.14618486918912066
10808,0.03712149689274427
10811,0.4876518234722277
10815,0.3925905568413638
10816,0.44401369088192066
10821,0.4562818075311391
10827,0.5117891358301482
10828,0.46511380905798416
10837,0.5503478001474782
10846,0.18965330644408246
10847,0.19027760417114362
10853,0.4516187950863646
10854,0.49526229591267423
10856,0.445277805476579
10878,0.12746988162073714
10880,0.18511280159040586
10899,0.17728661432223675
10902,0.19122414698863865
10903,0.18844633391894156
10912,0.5319266688207731
10917,0.16787752131638703
10925,0.3525689943347512
10929,0.4742710187744752
10931,0.5363053042599806
10932,0.5445781540133053
10933,0.5217183825281514
10944,0.1931115938636173
10946,0.4623526194486627
10950,0.4404491231840635
10952,0.38404506288939566
10954,0.36553948392094915
10963,0.190153394324548
10969,0.3824522912879428
10975,0.5657254740430703
10979,0.5237704905779366
10982,0.1631997455628981
10983,0.16296918706671296
10999,0.40849945098626483
11000,0.16319536605259105
11002,0.25426970141888033
11009,0.5976796626404439
11011,0.3625966414002495
11012,0.501749009804739
11016,0.19166118472078517
11017,0.3212069634430543
11021,0.31931122455976235
11023,0.48472213938686703
11029,0.17749579625595238
11037,0.32875008218085144
11040,0.38585934138282985
11051,0.48326233179861855
11054,0.5679899890760174
11071,0.4789252496504115
11072,0.48326233179861855
11085,0.44262272481288
11099,0.165079772843909
11100,0.19330875817162582
11102,0.12746988162073714
11103,0.16622752131261778
11104,0.3238291717333289
11105,0.19245765049796465
11109,0.47355392329465973
11234,0.5155490659138561
11240,0.18938351889487384
11247,0.16999968473675836
11248,0.03712149689274427
11254,0.4580026364214802
11255,0.5169586328403539
11256,0.5399226408209007
11261,0.18191818816265615
11267,0.17824064202580625
11273,0.4091891712525445
11281,0.4469172791671908
11287,0.5462753992987334
11288,0.16214311098151
11289,0.1648974694275537
11294,0.4130891812787394
11303,0.3925905568413638
11307,0.4428494943882887
11309,0.3602468188231496
11318,0.03712149689274427
11322,0.1768450013483156
11328,0.47745420837828656
11331,0.188191961608971
11341,0.1639642453524067
11343,0.12746988162073714
11347,0.03712149689274427
11348,0.5332987121946887
11350,0.16439021214726518
11356,0.18989946740308586
11366,0.5387728708801648
11368,0.3224093840908121
11370,0.4109574592886258
11381,0.32283816916462005
11383,0.17902654860661352
11386,0.501749009804739
11414,0.5548085843226245
11421,0.03712149689274427
11440,0.5972329845941795
11478,0.5199095352737682
11494,0.15986827466775305
11502,0.4679235790993439
11505,0.33746511851235794
11529,0.3092408870244122
11531,0.1626588146717354
11532,0.03712149689274427
11542,0.3092408870244122
11544,0.18959454684582744
11545,0.162054671853488
11550,0.1676648581057174
11551,0.5149237151197973
11569,0.32283816916462005
11580,0.21479700349024738
11610,0.38216736041235677
11614,0.46248788279226627
11629,0.18986354087952814
11650,0.49940992805068807
11653,0.3568276396731116
11656,0.43901061548784837
11663,0.5134933001027737
11670,0.3465190560948762
11671,0.35582083140145015
11717,0.526795817543578
11721,0.5117623445802315
11723,0.5383389728724535
11728,0.4597422447139907
11731,0.44592452524073933
11737,0.38283621548090896
11745,0.16999968473675836
11750,0.5003035540155815
11757,0.18026381832970068
11760,0.40092357733252115
11761,0.5169592182136268
11773,0.4557666103353565
11778,0.4692272036086016
11790,0.445277805476579
11796,0.5112658070846227
11797,0.4965763443591704
11798,0.39195202149725383
11805,0.515384587193335
11811,0.5117623445802315
11814,0.43820961198884034
11980,0.5895689824647579
11981,0.4446409596831643
12012,0.4315795277520339
12014,0.37906920088130713
12038,0.4315795277520339
12172,0.4703672796476158
12173,0.4697343514488711
10709,0.5131197754892907
10717,0.12902550287499281
10718,0.4534028757465248
10721,0.19247246444777302
10722,0.14215866806503416
10723,0.13729374038919873
10725,0.49327788727384714
10728,0.49960310336638547
10729,0.14094741068351985
10730,0.5789343727432835
10734,0.1289706217691412
10754,0.3643762890913509
10765,0.12340888744128749
10807,0.12810558751843545
10829,0.379453492885792
10835,0.2953226021170813
10849,0.03712149689274427
10850,0.03712149689274427
10851,0.14847788426733288
10855,0.530396048029308
10859,0.12420467176072846
10861,0.17418453498250472
10868,0.35351473545539913
10870,0.2711457256901719
10873,0.12328884670733432
10898,0.03712149689274427
10907,0.482102731185288
10908,0.13320211993859682
10916,0.37920594915836625
10930,0.1543905106026483
10935,0.35352035779982016
10941,0.3785619909943405
10942,0.2694623191927856
10943,0.03712149689274427
10945,0.15718474620520484
10948,0.1530440297871945
10951,0.34734547651007686
10980,0.38657563167109477
10981,0.37920594915836625
10996,0.15421621715122072
11001,0.12930500530849937
11015,0.1556764783212027
11038,0.3219615098659687
11047,0.47428833057320974
11048,0.3697442332835723
11058,0.15670207095166036
11060,0.12820619386820337
11061,0.16257148584357997
11062,0.16273043263581208
11082,0.33291743632954807
11084,0.22307979073058404
11094,0.3480509803852134
11268,0.14282218432540067
11272,0.3579810173913912
11280,0.12746988162073714
11290,0.12898885759597523
11291,0.133103928670379
11311,0.03712149689274427
11312,0.12798520324306162
11313,0.38657563167109477
11314,0.1292147568504617
11323,0.13789501130025988
11336,0.15179796836943216
11338,0.12871603967540263
11339,0.15591953789517476
11340,0.15741424870757142
11346,0.03712149689274427
11371,0.4163744481094859
11379,0.33959291597240515
11384,0.14114523074211105
11393,0.1433871496236003
11394,0.14340626831551606
11406,0.19527501321453478
11416,0.35597641224115717
11420,0.15529285795333303
11422,0.13290812030762417
11423,0.03712149689274427
11428,0.1630421104631806
11429,0.15636828808928233
11433,0.32132930577095575
11434,0.3172231154509384
11442,0.12810688598674247
11443,0.12824452756826954
11448,0.30978127012112444
11449,0.14442999899758552
11451,0.12529294230675841
11454,0.12529362407761874
11470,0.14432058252801888
11471,0.14069283124487064
11480,0.19194980402416292
11481,0.12746988162073714
11482,0.12746988162073714
11483,0.48215299745552875
11492,0.24580803788300684
11493,0.12746988162073714
11495,0.12746988162073714
11496,0.1445408096305028
11497,0.14040873132359064
11503,0.3054588817802605
11506,0.37742795031952947
11517,0.3402542081944284
11533,0.12984346266998636
11536,0.14855433779088995
11556,0.15391628048299744
11558,0.15005725163234468
11571,0.13013661606387805
11576,0.3715463892259593
11577,0.1289706217691412
11578,0.13361324024253987
11579,0.3250483393705187
11605,0.12818823975755236
11611,0.12746988162073714
11613,0.3423981238979199
11649,0.3373389847251641
11660,0.1476366036978518
11664,0.131614403679381
11666,0.1309233160408421
11679,0.1310459564877639
11692,0.03712149689274427
11701,0.3874904139675678
11714,0.1529474805356434
11741,0.1295214744682628
11742,0.31644950847212605
11744,0.12813758570573608
11746,0.1440798991395344
11747,0.3510875350790599
11749,0.36585838749498434
11751,0.32646246086947717
11758,0.1880208753095225
11763,0.48058348126936057
11764,0.47243629057582404
11767,0.12338715421410354
11788,0.12691544178387454
11789,0.2810243962869498
11791,0.45059354388680284
11799,0.14613559537075782
11804,0.2896512990615989
11812,0.18953472389509837
11820,0.42372180935627746
11824,0.32646246086947717
11828,0.15201005014197394
11862,0.32646246086947717
11863,0.32646246086947717
11888,0.3777007972728351
11898,0.15423579314593933
11920,0.1294857442673851
11925,0.3944028970008928
11935,0.4015917648426137
11943,0.3949461259593404
11945,0.123135579242763
11960,0.11274449574244588
11961,0.3873272301894809
11970,0.47316356860200515
11977,0.2665070074149959
12001,0.35680061634985616
12002,0.2331551632047056
12005,0.48025746590305585
12006,0.4725706224563606
12007,0.46809661038413297
12008,0.42343839100998115
12017,0.03712149689274427
12018,0.15429734111633797
12020,0.3623722158979834
12023,0.253306672751389
12060,0.3625777724495438
12075,0.4949622964672339
12080,0.5531374869243524
12081,0.29144981570340667
12082,0.03712149689274427
12083,0.03712149689274427
12085,0.49776455856383306
12087,0.4444051852738985
12090,0.13166928478523257
12091,0.38717582316582433
12092,0.38657563167109477
12093,0.38657563167109477
12094,0.15295965454320598
12098,0.3674552642078348
12125,0.4152203224679154
12126,0.48058348126936057
12127,0.11274449574244588
12153,0.30650555012495273
12155,0.15558474255366017
12161,0.26090389065518177
12162,0.15141121098835075
12163,0.15226231866201193
12165,0.3507189383723094
12166,0.3520208326793418
12167,0.49789614021016304
12169,0.3482309264612651
12188,0.36256903508365523
12212,0.4135632000146988
12217,0.4534028757465248
12218,0.443966681845232
12221,0.48378987148569585
12227,0.4234881679625725
12230,0.3803727633438677
12236,0.4740218745038507
12240,0.313448934744434
12241,0.15711785854542043
12271,0.48334137391200327
12272,0.30392733096693236
12282,0.5534606388686335
12292,0.40529554336513396
12293,0.509837180826659
12296,0.15440175860476923
12298,0.4884040070477208
12319,0.15329703799112576
12326,0.1751442465728506
12342,0.513702733551606
12343,0.5811454968021111
10695,0.3354578567359999
10696,0.3371147517902554
10697,0.3685012458489346
10698,0.3371147517902554
10699,0.37328318282630524
10732,0.03712149689274427
10733,0.03712149689274427
10738,0.37839666429263097
10860,0.12746988162073714
10934,0.03712149689274427
10964,0.3892993099696662
11013,0.17960963443970276
11046,0.03712149689274427
11083,0.15824100413821385
11269,0.12746988162073714
11284,0.12746988162073714
11360,0.15841831986678018
11376,0.1571917449171271
11378,0.16318947202681508
11397,0.16126903328067765
11430,0.12746988162073714
11431,0.12746988162073714
11432,0.12746988162073714
11447,0.12746988162073714
11450,0.03712149689274427
11452,0.03712149689274427
11453,0.12746988162073714
11455,0.03712149689274427
11523,0.25640268845909286
11537,0.14741326024261026
11557,0.12746988162073714
11603,0.12746988162073714
11612,0.26452128426208577
11616,0.12746988162073714
11617,0.12746988162073714
11633,0.14622965207091415
11685,0.12746988162073714
11715,0.1625332578316838
11729,0.3124039111639757
11732,0.1633296101698957
11752,0.24592056698709702
11754,0.03712149689274427
11772,0.5579837037460819
11806,0.3384836863786911
11864,0.24592056698709702
11865,0.24592056698709702
11923,0.4255427520834635
11946,0.1582197203449683
11956,0.3461056048977218
11986,0.24747870547503473
12004,0.12746988162073714
12104,0.16034919994494412
12234,0.1631724575904288
12262,0.24592056698709702
12265,0.380184716309654
12266,0.37328318282630524
12267,0.03712149689274427
12268,0.3371147517902554
12269,0.3685012458489346
12270,0.3552287856698202
12274,0.380184716309654
12276,0.37328318282630524
12297,0.1625169555000099
12307,0.3653325565174721
12320,0.185464128537363
12354,0.12746988162073714
12361,0.1497963700349069
12367,0.23460901431184408
10691,0.5133322937775782
10700,0.3344684187052086
10701,0.3344684187052086
10702,0.3344684187052086
10703,0.3344684187052086
10769,0.10769172934317091
10771,0.15787424398319827
11237,0.21893842886811762
11344,0.15709935453279048
11377,0.1463884198594126
11387,0.17307291090965402
11559,0.15342750684500195
11604,0.12746988162073714
11608,0.12746988162073714
11615,0.1500849225794736
11648,0.16803295915401928
11687,0.12746988162073714
11688,0.1626066138768521
11716,0.16689886757032207
11753,0.28786401116118887
11756,0.03712149689274427
11765,0.16117041990850237
11792,0.12746988162073714
11809,0.1573703722952579
11813,0.03712149689274427
11866,0.28786401116118887
11867,0.28786401116118887
11875,0.1724849538491502
11947,0.16252709733338191
12003,0.5425591888156561
12072,0.5060609336477683
12187,0.15049426285318324
12235,0.31951252165822763
12308,0.3607904845491329
12321,0.17199958781066496
12322,0.1681665555371269
12323,0.1616396446809975
12324,0.17259925620424502
12325,0.1629359800032245
12327,0.19647083510551244
12328,0.1622249232856338
12329,0.17175645360144404
12356,0.19659823761592207
12362,0.15565013173555128
11283,0.03712149689274427
11285,0.03712149689274427
11560,0.16801518587225445
11606,0.1701690281827214
11738,0.12746988162073714
11810,0.16737549977636193
12048,0.16192704916278705
12168,0.03712149689274427
12309,0.03712149689274427
12330,0.17475077137506115
12331,0.20071406669581135
12332,0.03712149689274427
12333,0.1768644965970887
12334,0.25795126642916344
12335,0.18306881298206507
12336,0.03712149689274427
12337,0.03712149689274427
12338,0.24498909606704733
12345,0.03712149689274427
11607,0.16922058468394643
12346,0.03712149689274427
12347,0.23872121014501416
12348,0.03712149689274427
12349,0.03712149689274427
12350,0.03712149689274427
12220,0.15152917343917038
12351,0.22015253790257255
10792,0.14734037579372222
10806,0.03712149689274427
10812,0.4472304857461028
10836,0.5024527831699696
10845,0.5099694483524791
10864,0.4664923573355624
10871,0.5232905025463479
10900,0.5399184243366846
10904,0.5117318058340723
10905,0.03712149689274427
10913,0.43997134833372453
10915,0.45035905510409824
10921,0.6484766630106878
10939,0.03712149689274427
10966,0.03712149689274427
10998,0.5232905025463479
11022,0.1468956369170556
11226,0.03712149689274427
11259,0.4664923573355624
11260,0.5232905025463479
11315,0.03712149689274427
11316,0.5341525093758133
11335,0.44524926058994874
11337,0.12746988162073714
11357,0.03712149689274427
11400,0.48429859416055254
11445,0.4495793578381223
11446,0.5127923322410713
11477,0.42066639422662655
11519,0.47116552687289726
11520,0.44055945097480653
11568,0.12746988162073714
11588,0.4495793578381223
11589,0.4495793578381223
11700,0.4495793578381223
11733,0.4571752268325143
11858,0.45666919610663226
11873,0.5929865932634684
11879,0.47697533284742977
11918,0.4397561966091921
11941,0.4974649025693071
11985,0.44881396775432025
10689,0.3555432486662393
10690,0.3604671622839326
10971,0.36844206834331916
11074,0.03712149689274427
11410,0.3635132297435226
11516,0.38304991842600633
11575,0.11278700229545476
11628,0.13850274382252478
11641,0.12746988162073714
11657,0.03712149689274427
11658,0.03712149689274427
11689,0.15136264418486572
11815,0.12746988162073714
11856,0.12216873427462968
11872,0.03712149689274427
11874,0.03712149689274427
11880,0.11259393143459448
11913,0.11224119120025328
11914,0.03712149689274427
11915,0.03712149689274427
11916,0.3616590316313133
11921,0.41524757369535437
11942,0.11514207496325364
11952,0.34582857277601353
11963,0.3616590316313133
11964,0.03712149689274427
12024,0.652840286801368
12063,0.3734579708299338
12077,0.03712149689274427
12111,0.03712149689274427
12130,0.37409481662334887
12137,0.3631191934222955
12170,0.03712149689274427
12171,0.03712149689274427
12175,0.34582857277601353
12185,0.13890891787258292
12189,0.03712149689274427
12223,0.03712149689274427
12226,0.03712149689274427
12239,0.03712149689274427
12244,0.13610630574814991
12258,0.03712149689274427
12260,0.37606585679856586
12277,0.37409481662334887
12344,0.03712149689274427
12360,0.4170124372804559
12364,0.3561458047531988
10919,0.12746988162073714
10920,0.40948997703093815
11351,0.1513703049922286
11415,0.12746988162073714
11881,0.12926634640387674
12184,0.1386211037696969
11882,0.12746988162073714
11950,0.21160950150524982
10838,0.17493755786788892
10909,0.17492667577476947
10918,0.279462394674157
10940,0.03712149689274427
11003,0.3434389020641452
11004,0.27910108581953125
11073,0.3361671764891301
11238,0.27910108581953125
11258,0.12746988162073714
11412,0.27910108581953125
11413,0.10100710514633167
11672,0.2753359574985512
11819,0.1770375424687377
11821,0.1745900138388729
11822,0.17445074884507508
10719,0.23103855140326568
10786,0.10972782287935147
10830,0.1308319294657176
10884,0.1690186172381887
10926,0.23480367972424573
11018,0.1370364502641277
11090,0.13456838025831158
11239,0.24409021263144373
11437,0.11055670312073397
11530,0.13438555141633043
11609,0.10759151836424699
11638,0.03712149689274427
11668,0.11048692523705747
11724,0.10704305945842119
11725,0.10103969127016665
11743,0.12746988162073714
11832,0.13172469389172398
11833,0.13172469389172398
11835,0.13172469389172398
11836,0.13172469389172398
11837,0.13172469389172398
11838,0.13172469389172398
11839,0.13172469389172398
11840,0.13172469389172398
11844,0.13165949279887001
11845,0.13165949279887001
11846,0.13165949279887001
11847,0.13165949279887001
11848,0.13165949279887001
11849,0.13165949279887001
11850,0.13165949279887001
11851,0.13165949279887001
11852,0.13165949279887001
11853,0.2129963160757731
11854,0.2129963160757731
11855,0.2129963160757731
11860,0.13172469389172398
11965,0.13302785317527535
11966,0.13165204081789111
11967,0.21072751177114418
12019,0.13106656613368795
12054,0.12785433703183102
12055,0.2291080263859137
12224,0.2656772498683303
12250,0.27057136368676404
12311,0.16638485303197117
10863,0.1542845746672802
10866,0.16256666451284663
10869,0.1564832664070656
10883,0.1252780546919413
10887,0.15166865966694507
10989,0.17920446783219623
11075,0.1529786285153399
11436,0.1549688561334297
11883,0.1499209765879474
11971,0.16646261825817335
11987,0.2334474698598988
12228,0.11982589628658735
12263,0.12746988162073714
12313,0.15313020244804826
12315,0.15326221082359248
12316,0.16032417849977804
12317,0.1501070706197006
11008,0.19214761796054586
11020,0.12746988162073714
12368,0.12746988162073714
10867,0.14552960590938468
10759,0.44054981438422214
10781,0.43826859945654506
10813,0.16577976773249475
10818,0.42616823634292844
10819,0.4249229919540749
10848,0.4430458957379797
10865,0.453982958955206
10927,0.4421858118808889
10928,0.4391056014617344
10937,0.16335319249773195
10959,0.16368998275465277
10961,0.4575076420312961
10967,0.4693583659531658
10974,0.1356961924581747
11056,0.5058397794704202
11106,0.1611484705239452
11107,0.42616823634292844
11108,0.526195015443651
11225,0.4381725590515885
11245,0.4591759456526343
11246,0.15984275307753865
11249,0.4872633128742536
11274,0.47962885146066314
11275,0.5350284386606888
11292,0.464789608458383
11301,0.45728398149962035
11308,0.449369359303579
11319,0.03712149689274427
11320,0.4591759456526343
11329,0.16139214189554638
11330,0.4452208119588821
11333,0.47117590976668977
11334,0.47117590976668977
11349,0.44747609574998026
11352,0.4964219679750643
11358,0.4594136248667545
11372,0.03712149689274427
11373,0.16163107926424367
11395,0.16176980840165303
11396,0.4404454023416703
11404,0.4731163800693624
11405,0.4731163800693624
11456,0.4603855133387196
11476,0.4397542991061226
11484,0.1649690288657445
11518,0.4702560682609228
11521,0.42616823634292844
11555,0.13510685250375748
11565,0.44787660896094283
11602,0.42616823634292844
11625,0.4550811999544241
11630,0.42616823634292844
11639,0.13368092849206456
11697,0.4471112188771408
11800,0.5092934605680175
11801,0.42616823634292844
11886,0.45162765864423327
12009,0.4752725839702504
12032,0.4268050821363434
10735,0.3605359660805949
10782,0.1261669007678114
10783,0.10520656040454573
10784,0.35669086395279737
10814,0.12746988162073714
10852,0.3768922446625357
10857,0.03712149689274427
10858,0.41561692488115465
11417,0.3605359660805949
11441,0.3245763373837586
11444,0.13190829685474437
11475,0.362014409241057
11631,0.12746988162073714
11722,0.12746988162073714
11802,0.3710041991300276
11803,0.3804088204710433
11887,0.3769422116440354
11922,0.03712149689274427
11926,0.37577268504395245
11927,0.35323330375170936
11944,0.35383349524643903
12034,0.1017358363747427
12035,0.3563245391520632
12036,0.33328162988045085
12078,0.3650524058476874
12079,0.362014409241057
12101,0.36650507278837197
12128,0.33328162988045085
12129,0.33328162988045085
12131,0.36987919163233807
12136,0.35383349524643903
12156,0.3605359660805949
12257,0.3605359660805949
12278,0.3662692802384745
12279,0.3662692802384745
12280,0.35264162589905823
12312,0.35280251534652307
12314,0.381554589510554
12359,0.1276195319985184
12363,0.12739050426663842
12352,0.12746988162073714
10839,0.18285963251415965
10840,0.1543010689981878
10882,0.1775790745702304
11282,0.36493904158046875
11321,0.15307700601536162
11342,0.477351560330345
11363,0.15569053175326736
11380,0.1537925161540039
11427,0.3808353450124691
11510,0.17358281849839027
11659,0.36493904158046875
11766,0.3808353450124691
11890,0.41121695531690794
10720,0.12746988162073714
10737,0.36573279213192456
10748,0.35719672454743934
10749,0.3980427946485472
10760,0.13445767078346219
10789,0.1649300753676447
10872,0.15833012259143975
11042,0.27583182077229834
11359,0.03712149689274427
11374,0.12746988162073714
11459,0.03712149689274427
11504,0.15690253522223274
11684,0.18295888883416445
11686,0.17104355588828482
11718,0.24289734194602314
11877,0.1564926889200044
11878,0.15386230429557957
11948,0.28888655300861876
11949,0.12925863421247008
11972,0.43200689216870336
11984,0.14092806193052004
12026,0.1840197947079633
12064,0.22356266169991967
12065,0.3837780702370023
12066,0.3717781061229469
12067,0.3717781061229469
12068,0.3717781061229469
12069,0.3717781061229469
12105,0.1524889718013308
12118,0.4206598904622989
12164,0.12746988162073714
12211,0.298777085651861
12225,0.3449738914293461
12264,0.48481478480552753
12305,0.27059331202309717
12353,0.24188355047295476
11250,0.19155884222710157
11403,0.17614788196588116
11458,0.1859120714027057
11683,0.22304078879098588
11705,0.1745616337122825
11779,0.03712149689274427
11793,0.19782678400395493
12295,0.3043874296322622
11706,0.2654801420379892
11816,0.03712149689274427
12139,0.23314397934765016
10768,0.03712149689274427
10823,0.4902761292156135
10911,0.6617535144430887
10960,0.6617535144430887
10977,0.6096132113308353
11010,0.8587995224613989
11031,0.5943966341015334
11033,0.6864967428728714
11066,0.5151221855114735
11068,0.5144091324348135
11263,0.5878721020088057
11299,0.5175871786661252
11326,0.47166033862962053
11601,0.6524070737083659
11661,0.8597158755288707
11736,0.6827587877083574
11771,0.6524070737083659
11831,0.5174158327645048
12000,0.5452727250516083
10704,0.5596438598825476
10706,0.03712149689274427
10712,0.5124050349155235
10714,0.03712149689274427
11067,0.03712149689274427
11325,0.03712149689274427
11389,0.12746988162073714
11735,0.4818136977617622
11774,0.4826737816188531
11777,0.4818136977617622
11937,0.4980189593023484
11982,0.47969304320820005
11999,0.8647034893671282
12049,0.5191918494347927
12123,0.4818136977617622
12124,0.48110064468510205
12192,0.14330237304242086
12302,0.4826737816188531
12303,0.5809517192895994
12304,0.5478046381223999
10707,0.1461333364549314
11552,0.03712149689274427
11554,0.03712149689274427
11600,0.48851279483969856
11775,0.49090600909022664
11776,0.49090600909022664
12042,0.4366333444097994
12122,0.4900459252331357
11030,0.03712149689274427
11264,0.3979413334510504
11265,0.42952571943480355
12190,0.03712149689274427
12089,0.17246632476902268
11572,0.2611586501221473
10841,0.33597647262169517
10947,0.2281148099558558
10949,0.3778466980900972
10988,0.3871080651136629
11043,0.36430677688433166
11077,0.15918101770024903
11080,0.26024421531702313
11086,0.1836431203152674
11228,0.21674780385109252
11241,0.2767896657245955
11295,0.2389416673658034
11300,0.12746988162073714
11345,0.3022350693613044
10743,0.19601582396595452
11398,0.31636674141916066
11566,0.12990328386646446
11727,0.3184171062519038
11781,0.22213747698609315
11818,0.10798886518648008
11899,0.19357273360020066
11931,0.25749247480099297
11932,0.12608537731396852
11958,0.10207486111279916
12028,0.27634594460110606
12052,0.10421894896973426
12114,0.305670401814363
12138,0.27120907913335723
12140,0.10531690030868195
12229,0.30010046168588067
12249,0.29311231831438267
10744,0.16932561830910037
10745,0.16932561830910037
10922,0.1554816667573124
11059,0.18846211564397353
11266,0.03712149689274427
11317,0.1598090138957804
11460,0.23720128131017626
11485,0.2112997101277633
11486,0.1294081201305568
11642,0.16089920327854645
11891,0.16711057520043351
11892,0.16711057520043351
11893,0.16711057520043351
11895,0.16053606808573218
11957,0.16852173073794477
10746,0.1580782879381032
10747,0.1580782879381032
11279,0.16466035632280893
11487,0.03712149689274427
11726,0.16125647519964006
11894,0.15799798663421394
12053,0.17048836622718372
12339,0.15994550812549196
12365,0.26805162300412066
12366,0.1840401000671706
12027,0.1606629955993123
12299,0.03712149689274427
10809,0.4573403092459246
10831,0.5192995745863247
10901,0.508004352502545
10968,0.1758176313276755
10995,0.15056764283813706
11052,0.18408492968887624
11070,0.49036894075560733
11271,0.2082632541861033
11310,0.03712149689274427
11332,0.46004669877183246
11367,0.1788631883709697
11418,0.15502804312019852
11543,0.4513712025381472
11561,0.17847573360522662
11562,0.4520842556148075
11563,0.03712149689274427
11564,0.49443125145473876
11632,0.4534693765795945
11635,0.46430856765695316
11636,0.4831620374570662
11674,0.45287880514699697
11919,0.4650487685310051
12010,0.4505915052721713
10715,0.42615450363202834
10716,0.5280368184676794
10810,0.16718287776260704
10817,0.12746988162073714
10879,0.12746988162073714
10970,0.11914511651670524
11034,0.14928177496508876
11035,0.21112925425271617
11055,0.12746988162073714
11457,0.14816546399100827
11541,0.19827055374513616
11634,0.12128533699015914
11675,0.14706084838317512
11676,0.14631853876431503
11682,0.12746988162073714
11698,0.12550832046682608
11699,0.12746988162073714
11843,0.37889150176042785
11857,0.3830759583142299
11951,0.1190202053575113
11983,0.14589092667667772
12025,0.15106828595414196
12037,0.38433237607441373
12061,0.38313973994317885
12062,0.42024074589433
12113,0.377227891431379
12154,0.1228128269312868
12210,0.34267875969778017
12242,0.377227891431379
12259,0.14692598689694875
12275,0.4238054530587013
11591,0.16919327406974818
11592,0.16920805769698138
11677,0.15597792387488943
11678,0.15597792387488943
11740,0.20689436127815813
11889,0.15771896973512725
12238,0.12746988162073714
12180,0.12746988162073714
11019,0.39030705164654445
11407,0.03712149689274427
11408,0.39887694222581116
11651,0.42131883652307234
11652,0.14466745570064007
11997,0.40526280253418345
10796,0.2789635869643867
10797,0.2682014746668627
10798,0.21331611759157218
10799,0.2759119458614717
10800,0.2680867219418914
10802,0.03712149689274427
11409,0.10118378285957436
11978,0.3113259724665608
11990,0.2615723448654488
11993,0.03712149689274427
11994,0.30482490947296725
11996,0.24948454862762215
12232,0.2759119458614717
12233,0.27461625560851705
10955,0.12746988162073714
10957,0.12746988162073714
12287,0.03712149689274427
12288,0.03712149689274427
10953,0.13473161622415097
10956,0.12746988162073714
10958,0.12746988162073714
11515,0.2597797800844448
11222,0.19995851079960783
11278,0.22733177455619294
11401,0.3236510420539165
11513,0.3762236968859044
11618,0.1688318904075334
11647,0.21951374781809654
11680,0.22993571610744637
11755,0.3717023606890104
11770,0.16480653894997258
11783,0.29067361671653347
11817,0.22187813184822783
10739,0.3753359070679001
10910,0.1986733213996342
11005,0.113688071400718
11253,0.30022507148438105
11302,0.18238116844209296
11399,0.3137351584958573
11402,0.22567931207059097
11590,0.21298796167917583
11623,0.12589696162260178
11681,0.12789346280246733
11703,0.25033929114438364
11704,0.263978747881776
11786,0.12870937472033728
11808,0.11289317399467513
11826,0.19986215508262822
11827,0.126208296412901
11861,0.12625188741366322
11909,0.20106457573038578
11910,0.20106457573038578
11954,0.2671562892433616
11959,0.20106457573038578
12016,0.26980363291277576
12039,0.28253289489616484
12071,0.24320568072778972
12117,0.30561482736197376
12119,0.3314242285506491
11006,0.1562628441045884
11024,0.17648377633319048
11252,0.03712149689274427
11490,0.17626800733619322
11491,0.1764482048573013
11619,0.12746988162073714
11622,0.12746988162073714
11719,0.15551463804742827
11720,0.15661190668009284
11784,0.3579791903241166
12284,0.15312277594885848
12040,0.1407494034877344
12070,0.13896563696558376
12285,0.13925267903461291
12286,0.13970746900166403
11823,0.1468712973395923
10824,0.12746988162073714
10844,0.4450386192140745
10877,0.5066214188640572
10978,0.40760236497611124
11535,0.16772074183331132
11539,0.03712149689274427
11912,0.16772074183331132
10726,0.3275578753206362
11479,0.09921062648210072
11574,0.34012835191560675
11673,0.09954146640994335
11876,0.09943309351589663
11936,0.3466333235435549
12176,0.32189813410425205
12231,0.3407747138254785
12252,0.09909639528492215
10727,0.13351470267975307
11049,0.1386960113552229
10875,0.4735128913724095
10876,0.6205667416845161
11025,0.4618024555645691
11026,0.4527042819299464
11262,0.7112722856358002
11365,0.517563582767745
11438,0.03712149689274427
11473,0.5140065935669832
11501,0.6918702372714166
11540,0.467461430068839
11624,0.5540816505836845
11739,0.6038371977298315
11979,0.5371686510862442
12015,0.5371686510862442
10724,0.3819600364790148
11027,0.3681346176525514
11654,0.4683248208666638
11655,0.47475484485223707
11938,0.47035998494262554
11939,0.47035998494262554
11940,0.03712149689274427
12121,0.732651842289431
12142,0.4292195629838913
12341,0.5558322257141114
11327,0.358650941570987
12145,0.4219316072299487
11028,0.03712149689274427
11911,0.38214067230886695
12043,0.7753527541488275
12044,0.7624397624133474
12045,0.3228074816450771
12046,0.1421123989767652
12047,0.14230358196331083
12143,0.409750011411105
12144,0.44872246883398337
12146,0.39581775032431776
12147,0.39581775032431776
12149,0.1560547342118192
12150,0.33039442115040163
12148,0.15311793120201234
12151,0.15442913465464866
12152,0.37997221079066557
11582,0.5067352926050316
11586,0.1637998017398218
10710,0.23881587075791652
10711,0.23881587075791652
10713,0.23881587075791652
11101,0.23821903899963515
11411,0.03712149689274427
11759,0.2690444201691001
11998,0.23881587075791652
12088,0.23881587075791652
12099,0.24212482646164968
12100,0.03712149689274427
12237,0.2690444201691001
12273,0.23881587075791652
12290,0.03712149689274427
12291,0.20345555429546427
10750,0.30347025190712007
12281,0.23701779929404246
10780,0.494155704996575
10826,0.46294169692231035
10842,0.48742019778170553
10843,0.4825885594127258
11361,0.15996103510921522
11362,0.13453350240592604
11472,0.4261723363913382
11626,0.47911640123084087
11627,0.46445868552449865
11787,0.49521414502082417
11962,0.4261723363913382
10705,0.25430752921131183
11076,0.26346064268191716
11298,0.1077120731021916
11474,0.207178527558706
11534,0.2600175760897721
11988,0.3353830716523487
12021,0.2559759163563918
12157,0.2684430292447279
12158,0.26745193194397543
12159,0.10718730119156356
12160,0.19776293821580168
12177,0.5772505122282962
12181,0.10425306916873603
12222,0.2309504934319916
12310,0.2317619341290926
12358,0.27237679380085816
11286,0.14988536680494718
10862,0.16886532756993514
11244,0.16900156244659667
11270,0.15075600347012558
10740,0.12394994583242482
11227,0.12593570971885787
11243,0.15652814327981313
11694,0.12412232382554608
12057,0.23967815927190508
12058,0.12412232382554608
12059,0.13017352916464647
12086,0.12140981625323401
12178,0.1238824366178356
12179,0.23967815927190508
12253,0.12023251238141831
12255,0.12147854191530637
12256,0.1218557176666017
11553,0.1650609297603213
11834,0.17790282468113675
12022,0.03712149689274427
11098,0.18002398009528714
11841,0.18011432990559983
11842,0.19804289648928575
10785,0.1726422316137481
10832,0.1739228662595432
10834,0.17364943060629945
10914,0.5213241133193198
10962,0.39210653452521427
10994,0.14816368087018064
11032,0.12746988162073714
11050,0.17308697049041474
11053,0.172796487523749
11110,0.37450709771336643
11353,0.03712149689274427
11354,0.19290723329723922
11355,0.14805212199303702
11369,0.1760708564467074
11375,0.17341469379906635
11390,0.17286016264296739
11391,0.17286016264296739
11392,0.1740798501881668
11419,0.4825788802949387
11538,0.1716895012525767
11669,0.43959614852600715
11859,0.4802475544593555
10731,0.3116505330564444
10736,0.4114562513616309
10751,0.10320972257665852
10752,0.10320972257665852
10753,0.29563351192954657
10755,0.32807994396838946
10833,0.12945949604957058
10965,0.1745222641558429
10997,0.12746988162073714
11507,0.10533559377137738
11696,0.03712149689274427
12095,0.12746988162073714
12096,0.12938530280076133
12097,0.12938530280076133
12107,0.10734302947789633
12108,0.12931264972692852
12109,0.129373447312211
12110,0.13082044012316568
12112,0.1300393192030253
12132,0.4559668928524844
12133,0.12931264972692852
12134,0.12885827229377467
12135,0.12979983885669208
12174,0.1300393192030253
12193,0.13342592759899358
12194,0.13241903294759938
12195,0.129946286028625
12196,0.1292355931455243
12197,0.1292355931455243
12198,0.1292355931455243
12199,0.1292355931455243
12200,0.12811930117641218
12201,0.3421918267118351
12202,0.1298554681416696
12203,0.12955362486453334
12204,0.12955362486453334
12205,0.30661526597973654
12206,0.13023248306266194
12207,0.1292355931455243
12208,0.1292355931455243
12209,0.3220628311500544
12318,0.1279461365813422
10756,0.4703903776658419
10761,0.4873033771632823
10763,0.44154083676764766
10790,0.14037155568417767
10820,0.3845034767079949
10881,0.40374838209132446
10889,0.4676586101477894
10892,0.4801767497356181
10924,0.47184798890680124
10976,0.527730388191068
11007,0.6497276375530214
11039,0.46617592569576627
11079,0.03712149689274427
11087,0.5351561933017958
11242,0.38542675854495534
11251,0.385369500348978
11435,0.39191569565537376
11488,0.45839041355178656
11508,0.4776474736091404
11514,0.4873033771632823
11524,0.45839041355178656
11527,0.45839041355178656
11528,0.5655514016886357
11585,0.3961613153727995
11594,0.4345915102391107
11595,0.4893302301928597
11646,0.48639654603107596
11702,0.43052176958430677
11782,0.44287573233689315
11868,0.5724506628108966
11933,0.49513306606306984
11953,0.4574835824195802
10693,0.5410669056155497
10694,0.5410669056155497
10741,0.03712149689274427
10742,0.36993405947922153
10762,0.6232489353292298
10787,0.610083018191723
10885,0.03712149689274427
10923,0.03712149689274427
11044,0.11478353396560609
11057,0.11821295855113056
11065,0.5624764705455332
11078,0.11406506864142235
11081,0.03712149689274427
11466,0.11099973254929774
11467,0.11099973254929774
11522,0.3626141521578522
11525,0.03712149689274427
11526,0.03712149689274427
11546,0.03712149689274427
11548,0.03712149689274427
11581,0.3945501375989483
11583,0.35805659938631484
11584,0.1155413725305086
11587,0.5790149530705696
11620,0.08591052772315293
11640,0.38010985344795467
11643,0.06076143005576324
11644,0.6463813733313539
11645,0.07209059926201124
11662,0.08615802493568701
11730,0.0804768567002053
11785,0.03712149689274427
11795,0.08218358866432876
11807,0.11269645579659109
11869,0.414213234507264
11870,0.33627228191173286
11884,0.11786633550656904
11900,0.04558213653876446
11901,0.07599164937583572
11902,0.03712149689274427
11908,0.08855299263138007
11934,0.11416138475738156
11974,0.03712149689274427
11975,0.5519044418452146
11976,0.30222228780966975
12013,0.039052500827290185
12073,0.6215638753567444
12102,0.04481677373909909
12103,0.6269454621310707
12120,0.3696008013346388
12186,0.5709260779583737
12213,0.039737292819794795
12214,0.045605234889369656
12215,0.07774449788657273
12219,0.039737292819794795
12246,0.5126614981570915
12251,0.03712149689274427
12283,0.06228288790201321
10788,0.39565537315337296
10791,0.701438991221719
10886,0.03712149689274427
11091,0.03712149689274427
11092,0.4013367647849324
11461,0.12746988162073714
11462,0.12746988162073714
11463,0.12746988162073714
11464,0.12746988162073714
11465,0.12746988162073714
11468,0.12746988162073714
11469,0.12746988162073714
11547,0.03712149689274427
11549,0.03712149689274427
11780,0.4500866740432612
11885,0.12971486622685982
11903,0.40763777776844456
11904,0.41061034284915676
11905,0.4417785902517507
11928,0.39638941217277546
11929,0.39638941217277546
11955,0.4068866459617324
11973,0.13042274664500497
12115,0.4019523833614336
12116,0.4019523833614336
12141,0.12872196997415075
12183,0.1308430337217972
12248,0.4208128221013707
12300,0.4669789006275298
11093,0.3980431268997141
11382,0.5738173134208349
11567,0.4000042010996788
11906,0.39881233175229813
11907,0.4384849523665322
11930,0.39309577428755704
12084,0.15586822199484185
12182,0.13319864667225878
12247,0.3994556341031472
12261,0.45587467235818013
12301,0.3210871380755925
11230,0.315159684129913
10773,0.3206603045122447
10804,0.8616608374486792
10825,0.03712149689274427
10936,0.332714884626119
10990,0.13988571958768958
11014,0.5456268736966315
11036,0.6451559983824702
11229,0.677466579605376
11233,0.764601930563873
11235,0.24508678044003526
11236,0.8655046448991948
11304,0.05095442097846099
11306,0.13403535678107592
11500,0.5930156155923895
11665,0.03712149689274427
12076,0.8364761224369602
10770,0.3498024760546359
10938,0.32004710315768037
10991,0.19239820147741934
10992,0.03712149689274427
11231,0.7063441201805625
11232,0.2845462933038987
11305,0.03712149689274427
11499,0.323452432788232
11573,0.3349124266790843
11695,0.6071360683114069
11871,0.14445908100389956
11917,0.1604247066720228
11968,0.8591181706116701
11969,0.6356376389904907
12031,0.6599641853960169
12033,0.03712149689274427
12050,0.3341887290718527
12106,0.03712149689274427
12191,0.6769184294393721
12254,0.8567271695912501
12289,0.5247613790563572
10805,0.03712149689274427
11498,0.1557970946021579
12051,0.03712149689274427
11097,0.2350760028569966
10993,0.7815007182475386
11388,0.47435112811041
11439,0.8441430279921306
11734,0.5816130463711652
10708,0.12746988162073714
11257,0.182724946951523
10774,0.1506822730263717
10775,0.17366680958247838
12357,0.21135051065250496
10776,0.14716641255315738
11570,0.14042864914487527
10764,0.45319944327896255
10766,0.1647154305838042
10767,0.16604393189398456
10795,0.45319944327896255
10801,0.17841294309385297
10874,0.16604393189398456
10888,0.4476295031504801
10890,0.4476295031504801
10891,0.4512727645417054
10893,0.4784829370646485
10894,0.4656569540927168
10895,0.469574208350947
10896,0.16354974449245732
10897,0.1647154305838042
10906,0.4998217061353746
10984,0.17906602837434488
10986,0.16276705427747845
10987,0.16449741861640935
11041,0.47357426027586835
11063,0.16460192299058737
11064,0.1628715586516565
11095,0.4539997618299134
11096,0.4539997618299134
11223,0.16604393189398456
11224,0.16361816195113962
11276,0.16449741861640935
11277,0.16276705427747845
11293,0.45319944327896255
11324,0.46948470470907944
11424,0.4592505528175572
11425,0.4423375533201168
11426,0.48816351642905287
11489,0.4816932837845783
11509,0.4592505528175572
11511,0.4706275868644295
11512,0.4682433614274736
11598,0.4682433614274736
11599,0.4706275868644295
11707,0.4682433614274736
11708,0.1663664482355574
11713,0.44841549713157414
11768,0.4682433614274736
11769,0.16481993495798217
11794,0.6055314356403354
11829,0.45638490574093094
11896,0.14080894880993627
11897,0.452148651615208
11991,0.13926243553236106
11992,0.13904442356496627
12011,0.46201234083264386
12029,0.15293824745627937
12030,0.14777022770521375
10822,0.03712149689274427
10985,0.15137820410448358
11069,0.12746988162073714
11088,0.12166520965583441
11089,0.46229461594040777
11297,0.03712149689274427
11596,0.5599684647312185
11597,0.4811986158366087
11709,0.4375332075818573
11710,0.4375332075818573
11711,0.4086202439703618
11712,0.12695125829267317
11762,0.47592923091946226
11830,0.43873204521018416
11924,0.4244915335101277
11989,0.12664349984680018
12041,0.5709437084057607
12074,0.41653243066715284
12216,0.44938490831072475
12245,0.542848989590794
12294,0.12666179073275835
12340,0.6479446070345396
12355,0.12666179073275835
10973,0.16846722721996527
11296,0.12746988162073714
11364,0.03712149689274427
11693,0.12679056082320767
11825,0.03712149689274427
12306,0.10201556446162731
10692,0.16502317978004458
10803,0.14896158014009275
11045,0.20269037274356017
11995,0.18425152480840706
12056,0.20850278356494817
12243,0.03712149689274427
11621,0.03712149689274427
11637,0.03712149689274427
11690,0.03712149689274427
11691,0.03712149689274427
11748,0.03712149689274427
11385,0.03712149689274427
10972,0.2267659710854519
